ID	Source	Target	Type	Style	Dataset
ted_en2pt_10013	"And it &apos;s live . It &apos;s not an image . So you click on it , you zoom in , right down to street view if you want to ."	E é interativo . Não é uma imagem . Então podem clicar , aumentar o zoom , até ao nível de vista de rua [( street view )] se quiserem .	TRANS	A	POOL
ted_en2pt_10140	The largest is about four tons and [12 feet] across .	A maior pesa cerca de quatro toneladas e tem [36 cm] de diâmetro .	MEAS_CONV	R	POOL
ted_en2pt_10762	There used to be a time in [American] history when voting was fun , when it was much more than just a grim duty to show up at the polls .	Na história dos [EUA] , houve uma altura em que votar era divertido e comparecer nas mesas de voto não era apenas um dever penoso .	ENT_REP	R	POOL
ted_en2pt_10775	You might ask , well , here in [America] , who has time for this ?	"Podem perguntar : &quot; &quot; Nos [EUA] , quem tem tempo para isso ? &quot; &quot;"	ENT_REP	R	EXTR
ted_en2pt_10826	Imagine if all of the followers of Donald Trump and Bernie Sanders had decided not to upend the political status quo and blow apart the frame of the previously possible in American politics .	Imaginem se todos os seguidores de Donald Trump e Bernie Sanders tivessem decidido não derrubar o cenário político atual e destruir a moldura daquilo que até agora não era possível na política [norte]-americana .	ENT_SPEC	A	POOL
ted_en2pt_11128	"You say , whoo ! So I heard about that in &apos; 75 when I was at the [Ed School] at Harvard ."	E dizemos : Uau ! Soube disso em 1975 quando estava na [Escola Superior de Educação] em Harvard .	SYS_CONV	R	EXTR
ted_en2pt_11148	How many places in [America] are going to change ? None .	Quantos lugares nos [E.U.A.] vão mudar ? Nenhum .	ENT_REP	R	POOL
ted_en2pt_11251	Last I heard we had 93 percent accepted to [college] .	Da última vez que ouvi 93 % foi aceite na [Universidade] .	SYS_CONV	R	EXTR
ted_en2pt_11557	"It &apos;s the primary Harvard [Medical School] [teaching facility] ."	É o principal [hospital universitário] da [Faculdade de Medicina] de Harvard .	"HYPO_SPEC; SYS_CONV"	"R; R"	POOL
ted_en2pt_11667	At the Archivio di Stato , you have 80 kilometers of archives documenting every aspect of the life of Venice over more than 1,000 years .	No Arquivo do Estado [( Archivio di Stato )] há 80 kilómetros de arquivos a documentar todos os aspectos da vida de Veneza por mais de 1000 anos .	TRANS	A	EXTR
ted_en2pt_11984	This was in the 90s during the peak of the HIV epidemic , before there were any ARVs in Sub-Saharan Africa .	Isto foi nos anos 90 durante o pico da epidemia de VIH , antes de existirem fármacos anti-retrovirais [( ARVs )] na África subsariana .	ACR	A	POOL
ted_en2pt_13007	In those days , I had discovered a website called Joogle .	"Nessa altura , tinha descoberto um &quot; &quot; site &quot; &quot; chamado Joogle [&#91; Google &#93;]"	OTHER	A	POOL
ted_en2pt_13584	And every evening , they fly [150 miles] back .	"&quot; &quot; E ao anoitecer , voam [240 km] de volta ."	MEAS_CONV	R	POOL
ted_en2pt_13725	Stasi was the secret police in [East Germany] .	A Stasi era a polícia secreta na [República Democrática Alemã] .	ENT_REP	R	EXTR
ted_en2pt_13806	My rough calculation is it would be about [25 miles] thick .	Calculo que teria a grossura de [40 Kms] .	MEAS_CONV	R	POOL
ted_en2pt_13818	All of a sudden , a very large percentage of the traffic on the whole Internet , including a lot of the traffic between [U.S.] military installations , started getting re-routed through China .	De repente , uma percentagem muito grande de tráfego na Internet , incluindo muito de tráfego entre as instalações militares [norte-americanas] , foi redirecionado via China .	ENT_REP	R	POOL
ted_en2pt_15421	"And although we don &apos;t yet have an Arab Kinsey Report to tell us exactly what &apos;s happening inside bedrooms across the Arab region , It &apos;s pretty clear that something is not right ."	"E embora ainda não tenhamos um relatório Kinsey árabe [&#91; sobre o sexo &#93;] que nos diga , exatamente , o que se passa dentro dos quartos na região árabe , é bastante óbvio que algo não bate certo ."	ADD_INF	A	POOL
ted_en2pt_15446	In these , as in so many other matters , Islam offers us at least 50 shades of gray .	"Nestes , como em tantos outros assuntos , o Islão oferece-nos pelo menos 50 sombras de cinzento [( &quot; &quot; grey &quot; &quot; / Gray )] ."	TRANS, LING_EXPL	A	POOL
ted_en2pt_15546	And in fact , this car has driven over [a million miles] without any accidents on regular roads .	Este carro conduziu mais de [um milhão de quilómetros] em estradas normais , sem qualquer acidente .	MEAS_CONV	R	POOL
ted_en2pt_15744	EEG measurements typically involve a hairnet with an array of sensors , like the one that you can see here in the photo .	As medições de EEG [( Eletroencefalografia )] envolvem tipicamente uma rede com uma série de sensores como a que podem ver aqui na foto .	ACR	A	POOL
ted_en2pt_15804	I got up this morning at [6 : 10 a.m.]	Hoje levantei-me às [06h10 da manhã]	MEAS_CONV	R	POOL
ted_en2pt_15805	after going to sleep at [12 : 45 a.m.]	depois de me ter deitado às [00h45] .	MEAS_CONV	R	POOL
ted_en2pt_15834	This just was presented at a health care conference in [D.C.]	Isto acabou de ser apresentado numa conferência sobre cuidados de saúde em [Washington] .	ENT_REP	R	POOL
ted_en2pt_17111	And yet , [America] and Africa have got a common interest .	No entanto , os [EUA] e a África	ENT_REP	R	POOL
ted_en2pt_17275	And that panicked disorientation , that sundering of everything familiar , that daunting awareness of something beyond human comprehension , can only be called a terrible awe .	"E essa desorientação em pânico essa separação de tudo o que era familiar essa consciência assustadora de algo para além da compreensão humana , só pode ser designado de tremendo pavor [( &quot; &quot; awe &quot; &quot; )] ."	TRANS	A	POOL
ted_en2pt_17276	"This might be somewhat difficult to grasp now that we use the word &quot; &quot; awesome &quot; &quot; to describe a new app or a viral video ."	"Isto pode ser um pouco difícil de entender agora que usamos a palavra &quot; &quot; incrível &quot; &quot; [( &quot; &quot; awesome &quot; &quot; )] para descrever uma nova aplicação ou um vídeo viral ."	TRANS	A	POOL
ted_en2pt_17291	"It has to be one of the multiple ironies of history that a favorite expletive of Muslim fundamentalists is the same one once used by the Christian fundamentalists known as Crusaders : &quot; infidel , &quot; from the Latin for &quot; faithless . &quot;"	"Tem de ser uma das várias ironias da história que uma interjeição preferida dos fundamentalistas muçulmanos seja a mesma usada em tempos pelos fundamentalistas cristãos conhecidos como cruzados : &quot; &quot; infidel &quot; &quot; [&#91; &quot; &quot; Infiel &quot; &quot; &#93;] , do latim para &quot; &quot; sem fé &quot; &quot; ."	TRANS	A	POOL
ted_en2pt_17425	"When you leave the opera house , you &apos;ll find there &apos;s braille signage in the lifts ."	Quando saem da Casa da Ópera [( em Sydney )] , veem que há linguagem braille nos elevadores .	ENT_SPEC	A	POOL
ted_en2pt_17509	( Applause ) My life has been extraordinarily blessed with marriage and children and certainly interesting work to do , whether it be at the University of Sydney [Law School] , where I served a term as dean , or now as I sit on the United Nations Committee on the Rights of Persons with Disabilities , in Geneva .	( Aplausos ) A minha vida tem sido extraordinariamente abençoada com casamento e filhos e certamente um trabalho interessante a fazer , quer seja na [Faculdade de Direito] da Universidade de Sydney , onde estive um mandato como reitor , ou agora no Comité das Nações Unidas para os Direitos das Pessoas com Deficiência em Genebra .	SYS_CONV	R	POOL
ted_en2pt_18505	Because at [RISD] , you have to look at the actual animal , the object , to understand its volume , to perceive it .	Porque na [Escola de Design] , temos de olhar para o animal , para o objeto , para compreender o volume que tem , para percebê-lo .	ENT_DESC	R	POOL
ted_en2pt_19072	I was 22 . I had just graduated from [Harvard College] .	Tinha 22 anos . Tinha acabado de me formar pela [Universidade de Harvard] .	SYS_CONV	R	EXTR
ted_en2pt_19133	One in three [American] women experiences domestic violence or stalking at some point in her life , and the [CDC] reports that 15 million children are abused every year , 15 million .	Uma em cada três mulheres [norte-americanas] vive a experiência da violência doméstica ou a perseguição em alguma fase da vida e os relatórios do [Centro de Controlo e Prevenção de Doenças] prevê que 15 milhões de crianças sejam abusadas todos os anos , 15 milhões .	"ENT_SPEC; ENT_ACR"	"R; R"	EXTR
ted_en2pt_19673	So when a couple decades into Soviet rule , Chernobyl happened , they were unwilling to flee in the face of an enemy that was invisible .	"Então , depois de duas décadas sob o controlo soviético , aconteceu [&#91; o desastre de &#93;] Chernobyl , elas não estavam dispostas a fugir de um inimigo invisível ."	ENT_HYP	A	POOL
ted_en2pt_19971	"And B was last heard of in the Pope &apos;s Library about a [hundred miles] north of Rome in Viterbo in 1311 ."	E a última vez que se ouviu falar do B foi na Biblioteca do Papa , a cerca de [160 km] a norte de Roma , em Viterbo , em 1311 .	MEAS_CONV	R	EXTR
ted_en2pt_20291	I remember we cried profusely when the little goats we played with in the summer became biriani .	Lembro-me que chorava-mos profusamente quando as pequenas cabras com as quais havia-mos brincado no verão se tornavam biriani [( prato indiano )] .	ADD_INF	A	POOL
ted_en2pt_20339	"Because that &apos;s what you do when your name is Yosemite Mountain Bear ."	Porque é isso que fazemos quando o nosso nome é Yosemite Mountain Bear [( Urso da Montanha Yosemite )] .	ADD_INF	A	POOL
ted_en2pt_20350	"And similar to &quot; &quot; Double Rainbow , &quot; &quot; it seems to have just sprouted up out of nowhere ."	"E , tal como no &quot; &quot; Double Rainbow &quot; &quot; [( duplo arco-íris )] , parece ter brotado do nada ."	TRANS	A	POOL
ted_en2pt_2122	To take the top stories from the [A.P.] this last year , is this going to matter in a decade ?	"Se pegarmos nas notícias de primeira página da A.P. [( Associated Press )] do ano passado : [( &quot; &quot; Milagre no rio Hudson &quot; &quot; )] Será que serão marcantes daqui a dez anos ?"	"ENT_ACR; ADD_INF"	"R; A"	EXTR
ted_en2pt_2123	Or this ? Or this ?	"[( &quot; &quot; Violência em Fort Hood &quot; &quot; )] Ou esta ? [( &quot; &quot; Morre Michael Jackson &quot; &quot; )] Ou esta ?"	"ADD_INF; ADD_INF"	"A; A"	POOL
ted_en2pt_2124	Really ? Is this going to matter in 50 or 100 years ? Okay , that was kind of cool . ( Laughter )	"[( &quot; &quot; Gripe Suina &quot; &quot; )] Realmente ? Será que serão importantes dentro de 50 ou 100 anos ? [( &quot; &quot; Afeganistão &quot; &quot; )] [( &quot; &quot; A inauguração de Obama &quot; &quot; )] Bom , isto seria fixe ! ( Risos ) ."	"ADD_INF; ADD_INF; ADD_INF"	"A; A; A"	EXTR
ted_en2pt_2125	"But the top story of this past year was the economy , and I &apos;m just betting that , sooner or later , this particular recession is going to be old news ."	"Mas a história TOP do ano passado foi a economia . [( &quot; &quot; A Economia ... Trabalho em troca de bananas &quot; &quot; )] E aposto que , mais cedo ou mais tarde , esta recessão em particular será uma das notícias do passado ."	ADD_INF	A	POOL
ted_en2pt_21295	I made contact with a child from Swat who studied in a madrassa like this .	Fiz contacto com uma criança de Swat que estudou numa madrassa [( escola islâmica )] como esta .	ADD_INF	A	EXTR
ted_en2pt_2136	What about global politics ?	"[( &quot; &quot; O crescimento da China &quot; &quot; )] E quanto a política global ?"	ADD_INF	A	POOL
ted_en2pt_2139	"We &apos;re finding all kinds of ways to push back the limits of what we know ."	"[( &quot; &quot; A Idade das Descobertas &quot; &quot; )] Cada dia descobrimos novas maneiras para alargar os limites do nosso conhecimento ."	ADD_INF	A	POOL
ted_en2pt_2160	"It exists in [America] . It &apos;s called FMLA . It does not work ."	Existe nos [EUA] . Chama-se FMLA , mas não funciona .	ENT_REP	R	POOL
ted_en2pt_21766	Then one day I had a fever of [104.7 degrees] .	Um dia , comecei com uma febre de [mais de 40º] .	MEAS_CONV	R	POOL
ted_en2pt_2178	"All of this is to [America] &apos;s shame ."	Tudo isto é a vergonha dos [EUA] ,	ENT_REP	R	POOL
ted_en2pt_219	"Let &apos;s listen to this song that [Coke] created for it , &quot; &quot; Wavin &apos; Flag &quot; &quot; by a Somali hip hop artist ."	"Vamos ouvir esta música que a [Coca-Cola] criou para o evento , &quot; &quot; Wavin &apos; Flag &quot; &quot; [( &quot; &quot; Agitando a bandeira &quot; &quot; )] , por um artista hip hop da Somália ."	"ENT_ACR; TRANS"	"R; A"	EXTR
ted_en2pt_224	"It reminds me of a song that I remember from my childhood , &quot; I &apos;d Like to Teach the World to Sing , &quot; that also went number one on the pop charts ."	"Faz-me lembrar uma música da minha infância , &quot; &quot; I &apos; d Like to Teach the World to Sing , &quot; &quot; [( &quot; &quot; Gostaria de ensinar o mundo a cantar &quot; &quot; )] , que também chegou a número um do top ."	TRANS	A	EXTR
ted_en2pt_22710	"They &apos;re typing their program into the browser , and you can see they didn &apos;t get it quite right , [Lady Liberty] is still seasick ."	"Eles estão a escrever o programa no &quot; &quot; browser &quot; &quot; , e podemos ver que eles não acertaram : a [Estátua da Liberdade] ainda está com um ar enjoado ."	ENT_ACR	R	EXTR
ted_en2pt_22764	"Now , Level 1 numeracy skills — that &apos;s low-end [GCSE] score ."	É o nível mais baixo da classificação [General Certificate of Secondary Education]	ACR	R	POOL
ted_en2pt_22766	So this figure prompted a lot of hand-wringing in [Whitehall] .	Como devem imaginar , estes resultados preocuparam muito o [governo inglês] .	SYS_DESC	R	POOL
ted_en2pt_231	"It doesn &apos;t sound anything like &quot; &quot; Wavin &apos; Flag &quot; &quot; to me ."	"Não se parece nada com &quot; &quot; Wavin &apos; Flag &quot; &quot; [( &quot; &quot; Agitando a bandeira &quot; &quot; )]"	TRANS	A	POOL
ted_en2pt_23491	Anywhere on Earth , 11 is considered to be extreme .	Em qualquer lugar da Terra , [o índice UV] 11 é considerado extremo .	MEAS_SPEC	A	EXTR
ted_en2pt_23868	A real moonshot , powered by 3D printing .	"Um projeto &quot; &quot; moonshot &quot; &quot; [( lançamento à lua )] [da Google] , motivado pela impressão 3D ."	"TRANS; ENT_SPEC"	"A; A"	EXTR
ted_en2pt_23999	This is one of the cameras of Rosetta , the OSIRIS camera , and this actually was the cover of Science magazine on January 23 [of this year] .	Esta é de uma das câmaras da Rosetta , a câmara OSIRIS , e a imagem fez a capa da revista Science a 23 de janeiro [de 2015] .	DEIX	R	EXTR
ted_en2pt_24384	So , eventually I decided to pursue an [MFA] instead of an [M.D.]	Por fim , decidi tirar um [mestrado] em Belas Artes em vez de Medicina .	SYS_CONV	R	POOL
ted_en2pt_2440	There may be over three million Muslims in [America] .	Deve haver mais de três milhões de muçulmanos nos [EUA] .	ENT_REP	R	POOL
ted_en2pt_24597	And this is [22 feet] long .	E isto tem [6,7m] de comprimento .	MEAS_CONV	R	POOL
ted_en2pt_24607	( Applause ) And so this is [five-foot , five-inches] of frost that she left behind .	( Aplausos ) E portanto , isto mede [1,65cm] de gelo no rastro que ela deixou .	MEAS_CONV	R	POOL
ted_en2pt_24613	"( Laughter ) And so what they &apos;re doing — each of these artists on a [nine-by-seven-inch] card , which they sell for 10 [bucks] , they drew original works of art ."	( Risos ) E portanto o que eles estão a fazer — cada um destes artistas num cartão de [22cm x 18cm] , que vendiam por 10 [dólares] , eles desenhavam obras de arte originais .	"MEAS_CONV; MEAS_CONV"	"R; R"	POOL
ted_en2pt_24680	The next is a collective of artists called the Silver Dobermans , and their motto is to spread pragmatism one person at a time .	"O próximo é uma coletiva de artistas chamada os &quot; &quot; Silver Dobermans &quot; &quot; [&#91; Dobermans de Prata &#93;] E o seu lema é espalhar o pragmatismo a uma pessoa de cada vez ."	TRANS	A	EXTR
ted_en2pt_25113	In [America] , even a bankrupt gambler gets a second chance .	Nos [Estados Unidos da América] , até mesmo um apostador falido recebe uma segunda oportunidade .	ENT_REP	R	EXTR
ted_en2pt_25114	But it is nearly impossible for an American to get discharged their student loan debts .	Mas é quase impossível um [norte-]americano ver perdoadas as suas dívidas estudantis .	ENT_SPEC	A	POOL
ted_en2pt_25377	We created a space called the Young Girls Transformative Project .	"Criámos um espaço chamado &quot; &quot; Young Girls Transformative Project &quot; &quot; [( Projecto de Transformação de Jovens Mulheres )] ."	TRANS	A	POOL
ted_en2pt_25382	"One young woman I met , teen mother of four , never thought about finishing [high school] , graduated successfully ; never thought about going to college , enrolled in [college] ."	"Conheci uma jovem , mãe adolescente com quatro filhos , que nunca pensou em acabar o [liceu] , formou-se com sucesso ; que nunca pensou em ir para a [Universidade] , matriculou-se numa ."	"SYS_CONV; SYS_CONV"	"R; R"	EXTR
ted_en2pt_25590	In New Orleans , the I-10 Twin Spans , with sections knocked out in Katrina , have been rebuilt [21 feet] higher to allow for greater storm surge .	Em Nova Orleães , as Pontes Gémeas da I-10 [( uma estrada interestadual )] com estruturas derrubadas pelo Katrina , foram reconstruídas com mais [6,5 metros] para permitir a passagem de ondas maiores durante as tempestades .	"ENT_DESC; MEAS_CONV"	"A; R"	POOL
ted_en2pt_25593	Their March electricity bill was only [48 dollars] .	A sua conta da eletricidade de março foi de apenas [36 euros] .	MEAS_CONV	R	POOL
ted_en2pt_25618	"Here &apos;s just one example , San Francisco Airport , with [16 inches] or more of flooding ."	Aqui temos apenas um exemplo , o Aeroporto de São Francisco , com mais ou menos [meio metro] de alagamento .	MEAS_CONV	R	POOL
ted_en2pt_25620	San Francisco is also spending [40 million dollars] to rethink and redesign its water and sewage treatment , as water outfall pipes like this one can be flooded with seawater , causing backups at the plant , harming the bacteria that are needed to treat the waste .	São Francisco está igualmente a gastar [30 milhões de euros] na reconsideração e reformulação do seu tratamento de águas e esgotos , já que canos de escoamento de águas iguais a este se podem encher com água do mar , o que causa entupimentos na estação de tratamento e prejudica as bactérias que são necessárias para o tratamento dos resíduos .	MEAS_CONV	R	POOL
ted_en2pt_25702	He let it go to seed , he took the seeds , he planted it on his [30 acres] , all around .	Ele deixou-o dar sementes , colheu as sementes , semeou-as nos seus [12 hectares] , em toda a volta .	MEAS_CONV	R	POOL
ted_en2pt_25860	"It &apos;s a tiny , little island — [60 miles by 90 miles] ."	É uma ilha pequena , pequenina - [100 por 150 km] .	MEAS_CONV	R	POOL
ted_en2pt_25907	"Green School sits in south-central Bali , and it &apos;s on [20 acres] of rolling garden ."	A escola ecológica fica no centro sul de Bali , em [9 hectares] de jardins ondulados .	MEAS_CONV	R	POOL
ted_en2pt_26237	In Europe and [America] , we have been successful .	Temos tido sucesso na Europa e nos [EUA] .	ENT_REP	R	POOL
ted_en2pt_26578	From Kansas , I moved on to lovely Arizona , where I taught in Flagstaff for a number of years , this time with [middle school students] .	Do Kansas , mudei-me para o belo Arizona , onde ensinei em Flagstaff alguns anos , desta vez a [alunos do 3º Ciclo] .	SYS_DESC	R	POOL
ted_en2pt_27159	Francesca Fedeli : Ciao .	"Francesca Fedeli : &quot; &quot; Ciao . &quot; &quot; [&#91; Olá . &#93;]"	TRANS	A	POOL
ted_en2pt_27344	And interestingly enough , Bono is also a TED Prize winner .	E é bastante interessante porque o Bono também é um vencedor do TED Prize [( Prémios TED )] .	TRANS	A	POOL
ted_en2pt_27345	So we can go , jump , and take a look at all the TED Prize winners .	Então podemos dar uma olhadela em todos os vencedores do TED Prize [( Prémios TED )] .	TRANS	A	POOL
ted_en2pt_27611	MOOC : massive open online courses .	"MOOC : cursos &quot; &quot; online &quot; &quot; abertos em massa [( Massive Open Online Courses )] ."	TRANS	A	POOL
ted_en2pt_2808	A customer from a department store across from my building [called 911] , and I ran downstairs to tell my mom with half of my hair burned .	Um cliente de uma loja do outro lado da rua [chamou o 112] , e eu corri pela escada abaixo para contar à minha mãe , com metade do meu cabelo queimado .	SYS_CONV	R	POOL
ted_en2pt_29014	"( Laughter ) It is . It &apos;s just stuck in this position , so I have to wear a [two-inch] heel ."	( Risos ) É mesmo . Está parado nesta posição , por isso tenho de usar um salto de [5 cm] .	MEAS_CONV	R	POOL
ted_en2pt_29130	In the 17th century , a doodle was a simpleton or a fool — as in Yankee Doodle .	"No séc . XVII , um rabisco [( doodle )] era um simplório ou um tolo — tal como na expressão &quot; &quot; Yankee Doodle &quot; &quot; ."	TRANS	A	POOL
ted_en2pt_29133	And today , we have what is perhaps our most offensive definition , at least to me , which is the following : To doodle officially means to dawdle , to dilly dally , to monkey around , to make meaningless marks , to do something of little value , substance or import , and — my personal favorite — to do nothing .	E hoje , temos o que é talvez a nossa definição mais ofensiva , pelo menos para mim , e que é a seguinte : Rabiscar [( na língua inglesa )] significa oficialmente vadiar , desperdiçar o tempo , andar ao deus-dará , fazer marcas sem sentido , fazer algo sem grande valor , substância ou importância , e — a minha favorita — não fazer nada .	LING_EXPL	A	POOL
ted_en2pt_29142	"This is not accurate , but it did happen to Tony Blair at the Davos Forum in 2005 , when his doodles were , of course , &quot; &quot; discovered &quot; &quot; and he was labeled the following things ."	"Isto não é uma descrição rigorosa , mas aconteceu ao Tony Blair no Fórum de Davos em 2005 , quando os seus rabiscos foram , é claro , &quot; &quot; descobertos &quot; &quot; e ele foi chamado as seguintes coisas [( &quot; &quot; agressivo &quot; &quot; , &quot; &quot; instável &quot; &quot; , &quot; &quot; irritadiço &quot; &quot; , &quot; &quot; pressionado &quot; &quot; , &quot; &quot; megalomaníaco &quot; &quot; )] ."	OTHER	A	POOL
ted_en2pt_29152	"And I hope there &apos;s someone in here from The Oxford English Dictionary , because I want to talk to you later ."	E espero que haja aqui alguém do Oxford English Dictionary [( Dicionário Inglês de Oxford )] , porque quero falar consigo mais tarde .	TRANS	A	POOL
ted_en2pt_29399	One : I [graduated] from Harvard at 19 with an [honors degree] in mathematics .	Um : [Tirei o Bacharelato] em Matemática , na [universidade de] Harvard , aos 19 anos .	"SYS_CONV; ENT_HYP"	"R; A"	EXTR
ted_en2pt_2974	The documentation of this animal goes back to the Lascaux cave paintings .	"Este animal está documentado nas pinturas [&#91; rupestres &#93;] das cavernas de Lascaux ."	OTHER	A	POOL
ted_en2pt_29909	At 7,700 beds , it was one of the largest army hospitals in [America] .	Com 7700 camas , era um dos maiores hospitais militares dos [EUA] .	ENT_REP	R	POOL
ted_en2pt_30146	There are now 17,000 less people dying every year in [America] .	Agora há menos 17 000 mortes por ano nos [EUA] .	ENT_REP	R	POOL
ted_en2pt_30359	Well , I intend to build these Self-Organized Learning Environments .	Bem , eu tenciono construir estes Ambientes de Aprendizagem Auto-Organizados [( SOLE )] .	ACR	A	POOL
ted_en2pt_30378	It will be called the School in the Cloud .	"Vai-se chamar School in the Cloud [&#91; Escola na Nuvem &#93;] ."	TRANS	A	EXTR
ted_en2pt_30378	It will be called the School in the Cloud .	"Vai-se chamar School in the Cloud [&#91; Escola na Nuvem &#93;] ."	TRANS	A	POOL
ted_en2pt_30865	Representing that eight and a half minutes that it takes light and gravity to connect the two .	Representando os oito minutos e meio que a luz e a gravidade levam a ligar os dois [( Sol e Terra )] .	CLEAR	A	POOL
ted_en2pt_31389	"So I would need a piano to practice on , and an hour later I would be at a fan &apos;s house ."	Se precisava de um piano para ensaiar , uma hora depois estava na casa de um fã . [Isto é em Londres .]	CLEAR	A	POOL
ted_en2pt_31393	So I fought my way off my label , and for my next project with my new band , the Grand Theft Orchestra , I turned to crowdfunding .	"De modo que batalhei para sair da minha editora . E no meu projeto seguinte , com a minha nova banda , &quot; &quot; The Grand Theft Orchestra &quot; &quot; , virei-me para o crowdfunding [&#91; financiamento colaborativo &#93;] ."	ADD_INF	A	POOL
ted_en2pt_32148	All around me were [800 acres] of wild dry brush .	À minha volta tinha [3 km2] de mato bravo e seco .	MEAS_CONV	R	POOL
ted_en2pt_32251	I am passionate about the [American] landscape and how the physical form of the land , from the great Central Valley of California to the bedrock of Manhattan , has really shaped our history and our character .	Eu sou apaixonada pela paisagem dos [Estados Unidos] e como a forma física da terra , do grande Vale Central da Califórnia ao leito rochoso de Manhattan , formou a nossa história e o nosso caráter .	ENT_REP	R	EXTR
ted_en2pt_32267	"So the oyster was the basis for a manifesto-like urban design project that I did about the New York Harbor called &quot; &quot; oyster-tecture . &quot; &quot; And the core idea of oyster-tecture is to harness the biological power of mussels , eelgrass and oysters — species that live in the harbor — and , at the same time , harness the power of people who live in the community towards making change now ."	"A ostra foi a base para um projeto de design urbano tipo manifesto que eu fiz do Porto da Nova Iorque chamado &quot; &quot; ostra-tetura &quot; &quot; [( ostra + arquitetura )] . E a ideia principal de &quot; &quot; ostra-tetura &quot; &quot; é controlar o poder biológico dos mexilhões , da zostera e das ostras — - espécies que moram no porto — e ao mesmo tempo , canalizar a energia das pessoas que moram na comunidade para efetuarem mudanças já ."	LING_EXPL	A	POOL
ted_en2pt_32382	[ISIL] has destroyed temples at Palmyra .	O [Estado Islâmico] destruiu templos em Palmira .	ENT_REP	R	EXTR
ted_en2pt_32386	"We know that [ISIL] is profiting from the looting of sites , but we don &apos;t know the scale ."	"Sabemos que o [Estado Islâmico] beneficia com a pilhagem dos &quot; &quot; sites &quot; &quot; , mas não sabemos até que ponto ."	ENT_REP	R	EXTR
ted_en2pt_32555	"It &apos;s about an M.P. called Geoffrey Dickens ."	É sobre um [Membro do Parlamento] ( M.P. ) chamado Geoffrey Dickens .	ACR	A	POOL
ted_en2pt_32656	"That &apos;s like from Wall Street at the southern edge of Manhattan up to maybe 120th Street ."	É como [a distância] de Wall Street até à extremidade sul de Manhattan até à Rua 120ª talvez .	MEAS_DIM	A	EXTR
ted_en2pt_32971	"Most recently , the last section of the High Line , the third section of the High Line , the final section of the High Line , has been pitted against development interests , where some of the city &apos;s leading developers are building more than [17 million square feet] at the Hudson Yards ."	Mais recentemente , a última secção do High Line , a terceira secção do High Line , a última secção do High Line , virou-se contra os interesses [dos empresários] do ramo imobiliário , onde alguns dos mais importantes empresários da cidade estão a construir mais de [um milhão e meio de metros quadrados] em Hudson Yards .	"HYPO_SPEC; MEAS_CONV"	"A; R"	EXTR
ted_en2pt_33450	So I call this FreeSpeech , and I was playing with this for many , many months .	"Por isso chamo-lhe FreeSpeech [&#91; ExpressãoLivre &#93;] . Andei muitos , muitos meses à volta disto ."	TRANS	A	POOL
ted_en2pt_33722	"You look online , you &apos;ll see places like Codecademy and events like CoderDojo and sites like Girls Who Code , or Black Girls Code ."	"Se virem na Internet irão encontrar lugares como a &apos; Academia do Código [( Codeacademy )] &apos; e eventos como &apos; Dojo do Código &apos; [( CoderDojo )] e sítios Web como &apos; Meninas que programam &apos; ou &apos; Código das Meninas Negras &apos; [( Black Girls Code )] &apos;"	"TRANS; TRANS; TRANS"	"A; A; A"	EXTR
ted_en2pt_34268	We were losing it at an extraordinary rate — in fact , of the order of two to four trillion dollars-worth of natural capital .	"Estávamos a perdê-lo a uma velocidade impressionante — na verdade , na ordem de dois a quatro triliões de dólares [&#91; 1,5 a 3,1 triliões de € &#93;] de capital natural ."	MEAS_CONV	A	EXTR
ted_en2pt_34269	This came out in 2008 , which was , of course , around the time that the banking crisis had shown that we had lost financial capital of the order of two and a half trillion dollars .	"Isto foi divulgado em 2008 , que foi , claro , por volta da altura em que a crise bancária mostrou que tínhamos perdido capital financeiro na ordem de dois triliões e meio de dólares [&#91; 2 triliões de € &#93;] ."	MEAS_CONV	A	POOL
ted_en2pt_34277	This rainfall cycle , this rainfall factory , effectively feeds an agricultural economy of the order of 240 billion dollars-worth in Latin America .	"Este ciclo da chuva , esta fábrica da chuva , alimenta , na verdade , uma economia agrícola com um valor na ordem de 240 biliões de dólares [&#91; 190 biliões € &#93;] na América Latina ."	MEAS_CONV	A	EXTR
ted_en2pt_34287	"At the species level , it &apos;s been estimated that insect-based pollination , bees pollinating fruit and so on , is something like 190 billion dollars-worth ."	"A um nível de espécies , estima-se que a polinização por insectos , abelhas a polinizar fruta e por aí fora , é algo no valor de 190 biliões de dólares [&#91; 150 biliões de € &#93;] ."	MEAS_CONV	A	POOL
ted_en2pt_34332	"And here &apos;s what the same calculation looks like , which was done recently — well I say recently , over the last 10 years — by a group called TRUCOST ."	"E aqui está o que o mesmo cálculo diz , que foi feito recentemente — digo recentemente , ao longo dos últimos 10 anos — por um grupo denominado TRUCOST [&#91; true cost = verdadeiro custo &#93;]"	TRANS	A	POOL
ted_en2pt_34338	"If you drill water to make coke near a village farm , that &apos;s not illegal , but yes , it costs the community ."	"Se fizerem um furo de água para produzir [coca &#91; -cola &#93;] perto de uma aldeia , não é ilegal , mas sim , tem custos para a comunidade ."	ENT_ACR	A	POOL
ted_en2pt_34346	I began a project way back called the Green Accounting Project .	"Comecei um projecto há muito tempo chamado &quot; &quot; Green Accounting Project &quot; &quot; [&#91; Projecto de Contabilidade Verde &#93;] ."	TRANS	A	EXTR
ted_en2pt_34773	As a local newspaper reporter still in [high school] , I was sent over to the computer lab of the University of Illinois to interview the creators of something called PLATO .	Na qualidade de repórter de um jornal local , ainda no [liceu] , fui enviado ao laboratório de informática da Universidade do Illinois para entrevistar os criadores de algo chamado PLATO .	SYS_CONV	R	EXTR
ted_en2pt_34831	One of the funniest blogs on the Web is written by a friend of mine named Smartass Cripple .	"Um dos blogues mais engraçados da internet é escrito por um amigo meu chamado Deficiente Espertalhão [&#91; Smartass Cripple &#93;] . &quot; &quot;"	TRANS	R	EXTR
ted_en2pt_34873	At Carnegie Mellon , they used to make it actually pretty easy for us to remember our passwords .	Na [Universidade de] Carnegie Mellon , costumavam fazer com que fosse realmente fácil para nós memorizarmos as nossas palavras-passe .	ENT_HYP	A	EXTR
ted_en2pt_35178	"Hundreds of these brightly-colored sculptures decorated the park for a number of weeks , and unlike work that &apos;s exhibited in a more neutral space , like on the walls of a gallery or a museum , this was work that was really in dialogue with this place , and in a lot of ways , The Gates was really a celebration of Frederick Olmsted &apos;s incredible design ."	"Centenas destas esculturas de cores vivas decoraram o parque durante várias semanas , e ao contrário de um trabalho que é exposto num espaço mais neutro , como em paredes de uma galeria ou de um museu , este era um trabalho que estava realmente em diálogo com este lugar e , de muitas maneiras , &quot; &quot; The Gates &quot; &quot; era realmente uma celebração [do incrível projeto] de Frederick Olmsted [&#91; o Central Park &#93;] ."	"ENT_HYP; ADD_INF"	"A; A"	POOL
ted_en2pt_35196	"Six months later , we did a location-aware album for Central Park , a park that is over two times the size of the National Mall , with music spanning from the Sheep &apos;s Meadow to the Ramble to the Reservoir ."	"Seis meses depois , fizemos um álbum com consciência espacial para o Central Park , um parque que é duas vezes maior que o National Mall , com música a abranger desde Sheep &apos; s Meadow até Ramble e até Reservoir [&#91; locais no Central Park &#93;] ."	ENT_DESC	A	POOL
ted_en2pt_35911	"A recent report by the Pew Center on trends in [America] indicates that only 10 percent of young adults under the age of 30 &quot; place a lot of trust in the media . &quot;"	"Um estudo recente do Pew Center , sobre tendências nos [EUA] indica que apenas 10 % dos jovens adultos com menos de 30 anos &quot; confiam bastante nos meios de comunicação social . &quot;"	ENT_REP	R	EXTR
ted_en2pt_36677	This is the car [30 feet] away from the judge .	Isto é o carro a [9 metros] do juiz .	MEAS_CONV	R	POOL
ted_en2pt_36679	"That &apos;s [30 feet] away ."	É a [9 metros] de distância .	MEAS_CONV	R	POOL
ted_en2pt_36680	Some of the teenagers said that in fact the car was [15 feet] away when it shot .	Alguns dos adolescentes disseram que , na realidade , o carro estava a [4,5 metros] quando se deu o disparo .	MEAS_CONV	R	POOL
ted_en2pt_36681	"Okay . There &apos;s [15 feet] ."	Ok . Isto é a [4,5 metros] .	MEAS_CONV	R	POOL
ted_en2pt_36700	"He and his son are both attending [Cal State] , Long Beach right now taking classes . ( Applause ) And what does this example — what &apos;s important to keep in mind for ourselves ?"	Ele e o seu filho estão ambos agora a ter aulas na [Universidade do Estado da Califórnia] Long Beach . ( Aplausos ) E o que é que este exemplo ... ... o que é que é importante , para nós mantermos em mente ?	ENT_ACR	R	POOL
ted_en2pt_36721	This was last Wednesday afternoon at a school in Brooklyn , New York , at [Cristo Rey High School] , run by the Jesuits .	Isto ocorreu na passada quarta-feira à tarde numa escola de Brooklyn , Nova Yorque , na [Escola Secundária Cristo Rey] , dirigida por Jesuítas .	ENT_DESC	R	POOL
ted_en2pt_36811	"Look , he gets [straight A &apos;s] in that but not in anything else . &quot; &quot; And so they said , &quot; &quot; Look , let &apos;s take his ROTC grades and roll them into his overall [GPA] and see what happens . &quot; &quot; And they did , and it brought me up to 2.0 . ( Laughter ) Yep . ( Laughter ) ( Applause ) They said , &quot; &quot; It &apos;s good enough for government work ."	"Olhem , ele só teve &quot; &quot; [Muito Bons] &quot; &quot; naquilo e em mais nada . &quot; &quot; E entao disseram , &quot; &quot; Olhem , vamos pegar nas notas dele do ROTC e acrescentá-las à sua [média final] para ver o que acontece . &quot; &quot; E assim o fizeram , e tive 2.0 . ( Risos ) Sim . ( Risos ) ( Aplausos ) Disseram , &quot; &quot; É suficientemente bom para trabalho governamental ."	"SYS_CONV; SYS_DESC"	"R; R"	POOL
ted_en2pt_37653	"Africa has had a long tradition of writing , but this is not such a well-known fact , and I wrote the book &quot; &quot; Afrikan Alphabets &quot; &quot; to address that ."	"A África tem tido uma longa tradição de escrita , mas esse não é um facto muito conhecido , e escrevi o livro &quot; &quot; Afrikan Alphabets &quot; &quot; [&#91; &quot; &quot; Alfabetos Afrikanos &quot; &quot; &#93;] para abordar isso ."	TRANS	R	POOL
ted_en2pt_37851	"It &apos;s actually running at real rate right now , one second per second , and in fact , Voyager 1 here is flying by Titan at I think it &apos;s [38,000 miles per hour] ."	Neste momento está a andar em tempo real , um segundo por segundo e , de facto , o Voyager 1 está a passar pelo Titan a , penso eu , [61.155 km / h] .	MEAS_CONV	R	POOL
ted_en2pt_37852	"It only looks like nothing &apos;s moving because , well , Saturn here is [700,000 miles] away , and Titan here is [4,000 to 5,000 miles] away ."	Pode parecer que nada se está a mover porque , bem , aqui Saturno está a [1.127.000 km] , e o Titan aqui está a [6.500 até 8.000 km] de distância .	"MEAS_CONV; MEAS_CONV"	"R; R"	POOL
ted_en2pt_38	When I first came to Afghanistan in 2005 as a [foreign minister] , I met the commander of ISAF , the international troops .	Quando fui ao Afeganistão pela primeira vez em 2005 como [Ministro dos Negócios Estrangeiros] , conheci o comandante da ISAF [( International Security Assistance Force )] , as tropas internacionais .	"SYS_CONV; ENT_ACR"	"R; A"	EXTR
ted_en2pt_38029	"You &apos;ll see lung cancer , for example , on the rise ."	"O cancro do pulmão [&#91; Lung &amp; bronchus &#93;] , a aumentar ,"	TRANS	A	POOL
ted_en2pt_38030	"And you &apos;ll also see that , for example , stomach cancer once used to be one of the biggest killers of all cancers , is essentially eliminated ."	"E o cancro do estômago [&#91; Stomach &#93;] , que já foi um dos cancros mais mortais , foi praticamente eliminado ."	TRANS	A	POOL
ted_en2pt_38039	"You &apos;ll see that the heart , for example , lights up there ."	"Podem ver que o coração [&#91; heart &#93;] tem muitas ."	TRANS	A	POOL
ted_en2pt_38220	Go from [3,000] to [2,000] , from [1,500] to [1,000] .	Passem de [278] para [185][m2] , de [139] para [92][m2] .	"MEAS_CONV; MEAS_CONV; MEAS_SPEC; MEAS_CONV; MEAS_CONV; MEAS_SPEC"	"R; R; A; R; R; A"	POOL
ted_en2pt_38287	"Now , the Moon has no atmosphere , so micrometeorites come in continuously , and the whole surface of the Moon is covered with powder now , because for four billion years it &apos;s been bombarded by micrometeorites , and when micrometeorites come in at about [20 to 60,000 miles an hour] , they vaporize on contact ."	A Lua não tem atmosfera , portanto os micrometeoritos atingem-na continuamente e toda a superfície da Lua está agora coberta de pó porque , durante quatro mil milhões de anos , foi bombardeada por micrometeoritos . E quando os micrometeoritos a atingem , a uma velocidade de [30 a 90 000 quilómetros por hora] , vaporizam-se no momento do contacto .	MEAS_CONV	R	EXTR
ted_en2pt_38307	It was first excavated in 1961 as they were building LAX , although scientists believe that it dates back to the year 2000 Before Common Era , when it was used as a busy transdimensional space port by the ancient astronauts who first colonized this planet and raised our species from savagery by giving us the gift of written language and technology and the gift of revolving restaurants .	Foi escavado pela primeira vez em 1961 enquanto construíam o LAX [( aeroporto )] , embora os cientistas acreditem que remonta ao ano de 2000 Antes da Era Comum , quando era usado como um activo porto espacial transdimensional pelos antigos astronautas que colonizaram pela primeira vez este planeta e criaram a nossa espécie da selvageria ao dar-nos a dádiva da linguagem escrita e da tecnologia e a dádiva de restaurantes giratórios .	ENT_HYP	A	POOL
ted_en2pt_38452	"I like to pay attention to these because that &apos;s how we originally funded the company , and it &apos;s gone pretty well ."	"Eu gosto de dar atenção a estas [&#91; mensagens &#93;] porque foi assim que inicialmente financiámos a empresa , e tem ido muito bem ."	CLEAR	A	POOL
ted_en2pt_38630	It seems farfetched , but when you think about it , in [America] in 1860 , there were 1,600 corporations issuing banknotes .	Parece improvável , mas se pensarem nisso , nos [E.U.A] , , em 1860 , existiam 1600 empresas a emitir notas .	ENT_REP	R	POOL
ted_en2pt_38839	"It &apos;s going to depend which part , say , of [America] they &apos;re in ."	Depende da parte dos [EUA] em que estão .	ENT_REP	R	POOL
ted_en2pt_39120	Early on , we averaged [0.5 miles per hour] .	No início , fazíamos uma média de [800 m por hora] .	MEAS_CONV	R	POOL
ted_en2pt_39622	And we tested this idea with an outbreak of H1N1 flu at [Harvard College] in the fall and winter of 2009 , just a few months ago .	E testamos esta idea com um surto da gripe H1N1 na [Universidade de Harvard] no outono e inverno de 2009 , há apenas alguns meses .	SYS_CONV	R	POOL
ted_en2pt_39762	I grew up in a typical [American] town near St. Louis .	Eu cresci numa típica cidade [norte-americana] próxima de St . Louis .	ENT_SPEC	R	POOL
ted_en2pt_39769	I married my [high school] sweetheart , Jane .	Casei-me com a minha namorada do [liceu] , Jane .	SYS_CONV	R	POOL
ted_en2pt_39790	For example , if either of us wants to go [60 miles an hour] , both of us will need an assistive device called a car .	Por exemplo , se quisermos andar a [96 km por hora] , todos nós precisaremos de um aparelho chamado carro .	MEAS_CONV	R	POOL
ted_en2pt_39801	"With Chad &apos;s group at Brown , I regularly fly drones around his lab several times a week , from my home [3,000 miles] away ."	Com o grupo de Chad em Brown , eu regularmente fiz voar os drones pelo seu laboratório várias vezes por semana , da minha casa a [4800 km] de distância .	MEAS_CONV	R	POOL
ted_en2pt_39803	I just wish I could afford the tuition . ( Laughter ) Chad Jenkins : Henry , all joking aside , I bet all of these people here would love to see you fly this drone from your bed in California [3,000 miles] away .	Eu só gostaria de poder pagar a mensalidade . ( Risos ) Chad Jenkins : Henry , piadas à parte , eu aposto que todas estas pessoas gostariam de o ver fazer o drone voar da sua cama na Califórnia a [4800 km] de distância .	MEAS_CONV	R	EXTR
ted_en2pt_3985	But also back then , remember we stopped eating French fries in this country .	Mas também nessa época , lembrem-se que parámos de comer batatas fritas [( french fries )] nesse país .	TRANS	A	POOL
ted_en2pt_3987	"We started eating &quot; &quot; freedom fries , &quot; &quot; and we started boycotting anything that was French ."	"Começámos a comer &quot; &quot; batatas livres . &quot; &quot; [( freedom fries )] E começamos a boicotar tudo que fosse Francês ."	TRANS	A	POOL
ted_en2pt_40	"We just have to persevere . &quot; &quot; Now four [COM ISAF] &apos;s later , we hear a different message : &quot; &quot; This cannot be won militarily ."	"Temos é de ser perseverantes . &quot; &quot; Agora , 4 [Comandantes da ISAF] mais tarde , ouvimos uma mensagem diferente : &quot; &quot; Isto não pode ser ganho por via militar ."	ENT_ACR, ENT_DESC	R	EXTR
ted_en2pt_40030	After graduation , and despite knowing that I wanted a [PhD] in astrophysics , I fell through the cracks .	Depois da licenciatura , eu queria fazer o [doutoramento] em Astrofísica , mas fui-me abaixo .	SYS_CONV	R	POOL
ted_en2pt_40164	"As I got my [Bachelor] &apos;s and [PhD] in electrical engineering , did R &amp; D in the UK , then consulting in the Middle East , I have always been in male-dominated environments ."	"Fiz uma [licenciatura] e [doutoramento] em Engenharia Elétrica , I &amp; D no Reino Unido , e consultoria no Médio Oriente , estive sempre em ambientes dominados por homens ."	"SYS_CONV; SYS_CONV"	"R; R"	POOL
ted_en2pt_40603	"All the managers in the room say , &quot; &quot; You don &apos;t tell me something new , because we know , gut feeling ."	"Todos os gestores na sala vão dizer , Não nos estás a dizer nada de novo , porque nós sabemos , &quot; &quot; gut feeling &quot; &quot; [( instinto = sentimento intestinal )] &quot; &quot;"	TRANS	A	POOL
ted_en2pt_4134	It has to do with a gallon of milk , with [college tuition] .	Tem a ver com um galão de leite , com [propinas universitárias] .	SYS_CONV	R	POOL
ted_en2pt_41453	I was not aware of any epidemic problems in [America] .	Não estava ciente de nenhum problema epidémico nos [EUA] .	ENT_REP	R	POOL
ted_en2pt_41454	"In fact , I wasn &apos;t aware of any problems in [America] ."	De facto , não estava ciente de nenhuns problemas nos [EUA] .	ENT_REP	R	POOL
ted_en2pt_41463	What are you in [America] doing about it ?	O que estão , nos [EUA] , a fazer acerca disso ?	ENT_REP	R	POOL
ted_en2pt_41498	For this particular problem , we designed a new category of worker who , like a SARS worker or someone looking for bird flu , might find first cases .	Para este problema particular , criámos uma nova categoria de trabalhador que , tal como um trabalhador da SRA [( Síndrome Respiratória Aguda )] ou alguém à procura da gripe aviária , pode encontrar os primeiros casos .	ENT_ACR	A	POOL
ted_en2pt_41666	"I needed teachers , in the classroom , every day , who were going to say , &quot; &quot; You can move beyond that . &quot; &quot; And unfortunately , the local [junior high] was not going to offer that ."	"Eu precisava de professores , na sala de aula , todos os dias , que me dissessem : &quot; &quot; Tu consegues ir mais além . &quot; &quot; Mas , infelizmente , a [escola secundária] local não me ia oferecer isso ."	SYS_DESC	A	POOL
ted_en2pt_41760	And so what we started with was really a new way of thinking about building an institution , through a project called Make History , which we launched in 2009 .	Então começámos por pensar em construir uma instituição de uma nova forma , através de um projeto chamado Make History [( Faça História )] que foi lançado em 2009 .	TRANS	A	POOL
ted_en2pt_41773	And so we created this idea of an opening gallery called We Remember .	Criámos então esta ideia de uma galeria aberta chamada We Remember [( Nós Lembramo-nos )]	TRANS	A	POOL
ted_en2pt_42611	"There &apos;s no doubt that from now on , the Fourth of July will be remembered not as the day of the Declaration of Independence , but as the day of the discovery of the Higgs boson ."	Não há dúvida de que , de agora em diante , o dia 4 de julho será lembrado não como o dia da Declaração da Independência [( EUA )] , mas como o dia da descoberta do bosão de Higgs .	ENT_SPEC	A	POOL
ted_en2pt_42611	"There &apos;s no doubt that from now on , the Fourth of July will be remembered not as the day of the Declaration of Independence , but as the day of the discovery of the Higgs boson ."	Não há dúvida de que , de agora em diante , o dia 4 de julho será lembrado não como o dia da Declaração da Independência [( EUA )] , mas como o dia da descoberta do bosão de Higgs .	ENT_SPEC	A	EXTR
ted_en2pt_42828	On that morning , U.S. President Bill Clinton ordered that a special switch be thrown in the orbiting satellites of the Global Positioning System .	"Naquela manhã , o presidente dos E.U.A. , Bill Clinton ordenou que uma mudança especial fosse executada nos satélites do &quot; &quot; Global Positioning System &quot; &quot; [( GPS )] ."	ENT_ACR	A	POOL
ted_en2pt_42828	On that morning , U.S. President Bill Clinton ordered that a special switch be thrown in the orbiting satellites of the Global Positioning System .	"Naquela manhã , o presidente dos E.U.A. , Bill Clinton ordenou que uma mudança especial fosse executada nos satélites do &quot; &quot; Global Positioning System &quot; &quot; [( GPS )] ."	ACR	A	EXTR
ted_en2pt_43080	This little fellow was developed by a group of 10 [undergraduate students] at the Autonomous Systems Laboratory at ETH-Zurich .	Este pequenote foi desenvolvido por um grupo de 10 [estudantes de licenciatura] no Autonomous Systems Laboratory na ETH-Zurich .	SYS_CONV	A	POOL
ted_en2pt_43277	"We &apos;ve driven [140,000 miles] ."	Conduzimos com eles [225.000 Km] .	MEAS_CONV	R	POOL
ted_en2pt_43281	"We &apos;ve driven from San Francisco to Los Angeles on [Highway] 1 ."	Conduzimos desde São Francisco a Los Angeles na [auto-estrada] 1 .	SYS_CONV	R	POOL
ted_en2pt_43283	"In fact , while we drove [140,000 miles] , people didn &apos;t even notice ."	De facto , enquanto estávamos conduzindo por esses [225.000 Km] , as pessoas nem sequer reparavam .	MEAS_CONV	R	POOL
ted_en2pt_43295	This is four billion hours wasted in this country alone .	São quatro biliões de horas desperdiçadas só neste país [( EUA )] .	DEIX	A	POOL
ted_en2pt_43296	"And it &apos;s [2.4 billion gallons] of gasoline wasted ."	E são [9 biliões de litros] de gasolina desperdiçados .	MEAS_CONV	R	POOL
ted_en2pt_43322	So this is , I think , the first kosher Hippocratic surgical system .	Portanto , este é , acho eu , o primeiro sistema kosher [( que obedece à lei judaica )] de cirurgia hipocrática .	ADD_INF	A	POOL
ted_en2pt_43337	"It wasn &apos;t until the invention of the MR and really the integration of MR with focused ultrasound that we could get the feedback — both the anatomical and the physiological in order to have a completely noninvasive , closed-loop surgical procedure ."	Foi só após a invenção da RM [( ressonância magnética )] , principalmente após a integração da RM com ultrassonografia com foco de alta intensidade que pudemos ter o feedback — tanto anatómico como fisiológico de modo a ter um procedimento cirúrgico completamente não invasivo e controlado .	ACR	A	POOL
ted_en2pt_43350	It is approved under an [FDAIDE] at the University of Virginia in Charlottesville using focused ultrasound to ablate a point in his thalamus .	"Foi aprovado sob um &quot; [&quot; Investigational Device Exemption &quot; &quot; da FDA] na Universidade de Virgínia em Charlottesville usando ultrassonografia com foco de alta intensidade para fazer a ablação de um ponto no seu tálamo ."	ENT_ACR, ENT_DESC	R	EXTR
ted_en2pt_43362	"So once those pictures are acquired and the physician has drawn all the necessary safety limits and so on , he selects basically a point — you see the round point in the middle where the cursor is — and he presses this blue button called &quot; &quot; sonicate . &quot; &quot; We call this instance of injecting the energy , we call it sonication ."	"Então quando essas imagens são adquiridas e após o médico delinear todos os limites de segurança necessários , então ele seleciona , basicamente , um ponto — podem ver o ponto circular no meio , onde está o cursor — e ele pressiona este botão azul chamado de &quot; &quot; sonicate &quot; &quot; . Nós apelidamos este instante de injetar a energia , chamamos de &quot; &quot; sonication &quot; &quot; [( &quot; &quot; sonicação &quot; &quot; )] ."	TRANS	A	POOL
ted_en2pt_4347	Texting : I know I say texting and a lot of you think sexting , a lot of you think about the lewd photos that you see — hopefully not your kids sending to somebody else — or trying to translate the abbreviations LOL , LMAO , HMU .	SMS : Sei que quando digo SMS muitos pensam no sexting [( envio de mensagens por SMS de cariz sexual ou erótico )] , muitos pensam nas fotos indecentes que veem a circular — esperemos que não sejam os vossos filhos a enviarem essas fotos a outros — ou a tentarem decifrar as abreviações LOL , LMAO , HMU .	ADD_INF	A	EXTR
ted_en2pt_4359	I know this because at DoSomething.org , which is the largest organization for teenagers and social change in [America] , about six months ago we pivoted and started focusing on text messaging .	Sei disso por causa da instituição DoSomething.org , que é a maior instituição para adolescentes e mudança social nos [EUA] , há cerca de seis meses comecámos a focar e centrámo-nos no envio de SMS .	ENT_REP	R	POOL
ted_en2pt_4384	So think about a cop .	Portanto pensem no comp . [( registo eletrónico e análise de dados )]	ADD_INF	A	POOL
ted_en2pt_4390	In fact , the year after the [NYPD] put CompStat in place , the murder rate fell 60 percent .	Na realidade , no ano seguinte em que o [Depart . Policial de Nova Iorque] implementou o CompStat , a taxa de homicídio baixou 60 % .	ENT_ACR	R	POOL
ted_en2pt_43976	This monstrosity over here is the CPU , the chip , if you like .	Esta monstruosidade aqui é o CPU [( processador central )] - o chip se preferirem .	ACR	A	POOL
ted_en2pt_4398	"You could say to a [principal] , &quot; &quot; You &apos;re having a problem every Thursday at [three o &apos;clock] ."	"Podíamos dizer a um [Diretor da Escola] , &quot; &quot; Está a ter um problema todas as Quintas-feiras às [15h00] ."	"SYS_CONV; MEAS_CONV"	"R; R"	POOL
ted_en2pt_44123	"And this has been true for 30 years , and the handover in 1979 , 1980 , between one Jamaican leader who was the son of a Rhodes Scholar and a [Q.C.] to another who &apos;d done an economics doctorate at Harvard , over 800 people were killed in the streets in drug-related violence ."	E isto é a realidade há 30 anos e a transferência de poder de 1979 , 1980 , entre um líder jamaicano filho de um académico de Rodes e um [jurista] [Conselheiro da Rainha] para outro que havia tirado um doutoramento em Economia em Harvard , mais de 800 pessoas foram assassinadas nas ruas em violência motivada por drogas .	"ENT_HYP; ENT_ACR"	"R; R"	EXTR
ted_en2pt_44370	The first is electric autonomous flying vehicles .	A primeira são os veículos aéreos não-tripulados [( VANTs )] .	ACR	R	POOL
ted_en2pt_44423	"So when we started this a couple of years ago now , we &apos;ve had a lot of people come up to us who said , &quot; &quot; This is a very interesting but crazy idea , and certainly not something that you should engage with anytime soon . &quot; &quot; And of course , we &apos;re talking about drones , right , a technology that &apos;s not only unpopular in the West but one that has become a very , very unpleasant fact of life for many living in poor countries , especially those engaged in conflict ."	"Quando começámos isto , há alguns anos atrás , encontrámos muita gente que nos dizia : &quot; &quot; É muito interessante mas é uma ideia louca , &quot; &quot; e certamente não é algo que se consiga &quot; realizar tão cedo . &quot; Claro , estamos a falar sobre &quot; &quot; drones &quot; &quot; [( veículos aéreos não-tripulados )] , uma tecnologia que não é só impopular no Ocidente , mas que se tornou uma parte muito , muito desagradável da vida de muitos que vivem em países pobres , especialmente os que se encontram em conflito ."	ADD_INF	A	EXTR
ted_en2pt_45322	where you can pee on a little chip connected to your iPhone and check yourself for an STD .	em que podem urinar num pequeno chip ligado ao vosso iPhone e verem se têm alguma DST [( doença / infecção sexualmente transmissível )]	ACR	A	POOL
ted_en2pt_45332	"And we &apos;re layering multiple technologies — PET scans , CT scans and molecular diagnostics — to find and to seek things at different levels ."	E estamos a juntar múltiplas tecnologias - Scans TEP [( Tomografia por Emissão de Positrões )] , TACs e diagnósticos moleculares — para encontrar e procurar coisas em diferentes níveis .	ACR	A	EXTR
ted_en2pt_45352	"We &apos;re moving , obviously , to the era of the tricorder ."	Estamos a dirigir-nos , obviamente , para a era do tricorder [( gravador triplo )] ,	ADD_INF	A	POOL
ted_en2pt_45359	And just last month the first FDA-approved application was approved to allow radiologists to do actual reading on these sorts of devices .	E ainda no mês passado a primeira aplicação aprovada pela FDA ( [Food and Drugs Administration] - [Administração para a comida e medicamentos] ) foi aprovada para permitir que os radiologistas realizem as suas leituras nestes tipos de aparelhos .	"ENT_ACR; TRANS"	"A; A"	POOL
ted_en2pt_45361	"And as you saw just about a month ago , Watson from IBM beat the two champions in &quot; &quot; Jeopardy . &quot; &quot; So I want you to imagine when in a couple of years , when we &apos;ve started to apply this cloud-based information , when we really have the [A.I.] physician and leverage our brains to connectivity to make decisions and diagnostics at a level never done ."	"E como puderam ver ainda há cerca de um mês , Watson [( computador com inteligência artificial )] da IBM bateu os dois campeões do Jeopardy [( concurso sobre cultura geral )] Por isso queria que imaginassem quando , daqui a alguns anos quando tivermos começado a aplicar este tipo de informação baseada na nuvem [( cloud )] quando tivermos mesmo o médico com [inteligência artificial ( I.A )] e potenciarmos os nossos cérebros para a conectividade para tomar decisões e &#91; fazer &#93; diagnósticos a um nível nunca atingido ."	"ENT_DESC; ENT_DESC; TRANS; ACR"	"A; A; A; R"	EXTR
ted_en2pt_45462	So genomics , proteomics , the environment , all this data streaming at us individually and us , as poor physicians , how do we manage it ?	Então a genómica , a proteómica [( estudo das proteínas )] , o ambiente , toda esta corrente de informação para nós individualmente e como pobres médicos . Como é que gerimos isto ?	ADD_INF	A	POOL
ted_en2pt_4584	"There &apos;s no major in [university] on passion and purpose and career ."	Não há nenhuma [licenciatura] em paixão , missão ou carreira .	SYS_CONV	R	POOL
ted_en2pt_4639	"Liespotters aren &apos;t those nitpicky kids , those kids in the back of the room that are shouting , &quot; &quot; Gotcha ! Gotcha !"	"Os apanhadores de mentiras [( Liespotters )] não são aqueles miúdos picuinhas , aqueles miúdos na última fila da sala de aulas a gritar , &quot; &quot; Apanhei-te ! Apanhei-te !"	TRANS	A	POOL
ted_en2pt_46621	After I graduated from the Yale Law School and got my first law job , my New Haven analyst , Dr. White , announced to me that he was going to close his practice in three months , several years before I had planned to leave New Haven .	Após me licenciar pela Yale Law School [( Escola de Direito de Yale )] e conseguir o meu primeiro emprego , o meu ( psic ) analista Dr. White , de New Haven , informou-me de que iria deixar de exercer em três meses , vários anos antes de eu ter planeado sair de New Haven .	TRANS	A	POOL
ted_en2pt_46621	After I graduated from the Yale Law School and got my first law job , my New Haven analyst , Dr. White , announced to me that he was going to close his practice in three months , several years before I had planned to leave New Haven .	Após me licenciar pela Yale Law School [( Escola de Direito de Yale )] e conseguir o meu primeiro emprego , o meu [( psic )] analista Dr. White , de New Haven , informou-me de que iria deixar de exercer em três meses , vários anos antes de eu ter planeado sair de New Haven .	"TRANS; HYPO_SPEC"	"A; A"	EXTR
ted_en2pt_46892	"TEDAttendees , HyattLB . Where do you think I &apos;m staying ?"	AudiênciaTED , HyattlB [( hotel )] . Onde é que acham que eu estou hospedado ?	ENT_HYP	A	POOL
ted_en2pt_46896	CIASurveillanceVan .	CIASurveillanceVan [( Carrinha de vigilância da CIA )] .	TRANS, LING_EXPL	A	POOL
ted_en2pt_48105	"Here &apos;s Margaret Atwood , &quot; &quot; Cat &apos;s Eye . &quot; &quot; Here &apos;s a novel by Milan Kundera ."	"Aqui está a Margaret Atwood , &quot; &quot; Cat &apos; s Eye &quot; &quot; [( Olho de Gato )] Aqui está um romance de Milan Kundera ."	TRANS	A	POOL
ted_en2pt_48106	"And here &apos;s &quot; &quot; The Guide for the Perplexed &quot; &quot; by Maimonides ."	"E aqui está &quot; &quot; The Guide for the Perplexed &quot; &quot; [( O Guia para os Perplexos )]"	TRANS	A	POOL
ted_en2pt_48235	In Omagh , bomb went off , Real IRA , middle of a peace process .	Em Omagh , a bomba explodiu , o [Real Exército Republicano Irlandês] ( Real IRA ) , no meio de um processo de paz .	ENT_ACR	A	POOL
ted_en2pt_48306	"It &apos;s called apropos of the Italian adage that I lifted from his forward , &quot; If This Be Treason . &quot;"	"Chama-se , a propósito do adágio italiano [( Traduttore Traditore )] , que eu retirei do seu prefácio , &quot; &quot; If This Be Treason &quot; &quot; , [( Se Isto É Traição )] ."	"TRANS; TRANS"	"A; A"	POOL
ted_en2pt_48324	"Because that &apos;s what I take from the theme of this conference : Gained in Translation ."	Porque é isso que retiro do tema desta conferência : Gained inTranslation [( Ganho na Tradução )] .	TRANS	A	POOL
ted_en2pt_48368	There are few phrases that pack a more concentrated dose of subject and symbol than the perfect punchline .	"Há poucas frases que embalem uma dose de sujeito e símbolo mais concentrada que a perfeita &quot; &quot; punchline &quot; &quot; [( conclusão / remate de uma piada )] ."	ADD_INF	A	POOL
ted_en2pt_48377	And I heard the exact same punchline on both coasts — something about the Ignited Negro College Fund .	"E escutei exactamente a mesma &quot; &quot; punchline &quot; &quot; em ambas as costas — algo sobre o &quot; &quot; Ignited Negro College Fund &quot; &quot; ( [&quot; &quot; Ignited &quot; &quot; , incendiado] , [soa a United] ) ."	"TRANS; LING_EXPL"	"A; A"	EXTR
ted_en2pt_48398	Shortly after the conference was over , Joel got a request for a signed copy from the head of the EPA in Washington whose wall it now hangs on .	Pouco depois do fim da conferência , o Joel recebeu um pedido de uma cópia assinada do chefe da EPA ( [Agência de Protecção Ambiental] [Americana] )] em Washington em cuja parede essa cópia agora se encontra .	"ENT_ACR; ENT_SPEC"	"A; A"	EXTR
ted_en2pt_48403	( Applause ) That is a lot of punch for 14 words .	"( Aplausos ) É muito &quot; &quot; punch &quot; &quot; [( trocadilho entre &quot; &quot; punchline &quot; &quot; e &quot; &quot; punch &quot; &quot; = ímpeto )] para 14 palavras ."	LING_EXPL	A	POOL
ted_en2pt_48963	"Here it &apos;s &quot; &quot; CandyCity . &quot; &quot; It &apos;s a non-sugar-coated history of sugar ."	"Aqui temos a &quot; &quot; CandiCidade &quot; &quot; [( Cidade dos Doces )] . É uma história do açúcar sem cobertura de açúcar ."	TRANS	A	POOL
ted_en2pt_48991	Here is a three-week papercutting marathon at the Museum of Arts and Design in New York City .	Aqui está uma maratona de três semanas a recortar papel no Museum of Arts and Design [( MAD )] na cidade de Nova Iorque .	ENT_ACR	A	POOL
ted_en2pt_49216	"The Lord God be with him , and let him go up . &apos; &quot; &quot; &quot; &quot; Go up &quot; &quot; — aaleh ."	"Que o Senhor Deus esteja com ele , e lhe permita que suba [&#91; a Jerusalém &#93;] . &apos; &quot; &quot; &quot; &quot; Suba &quot; &quot; — aaleh ."	ENT_SPEC	A	POOL
ted_en2pt_49666	"We &apos;ve seen lots of excitement from these people , who can now start a construction business , parts manufacturing , organic CSA or just selling power back to the grid ."	Testemunhamos grande entusiasmo nestas pessoas , que agora podem começar no ramo da construção , na fabricação de peças , na [agricultura comunitária orgânica] ( CSA ) , ou simplesmente vender energia à rede .	ACR	A	POOL
ted_en2pt_49988	"Let me tell you how it &apos;s being done at [Strawberry Mansion High School] ."	Vou contar-vos o que está a fazer-se no [liceu Strawberry Mansion]	SYS_CONV	A	POOL
ted_en2pt_50025	[College] has some shortcomings .	A [faculdade] tem alguns defeitos .	SYS_CONV	A	POOL
ted_en2pt_50962	"Take a good long look : this is today &apos;s clean coal technology ."	Olhe atentamente , isto é a tecnologia do carvão limpo de hoje em dia . [( Legenda no vídeo : Na realidade , carvão não-poluente é algo que não existe )] .	DEIX	A	POOL
ted_en2pt_51139	Goodness knows what they make of the Lake District weather .	Só Deus sabe o que acham do clima do Lake District [( zona de Lagos na região )] .	ENT_DESC	A	POOL
ted_en2pt_51522	We just need a good idea , motivation and lots of chutzpah , and we could save millions of people that otherwise would not be saved .	Precisamos apenas de uma boa ideia , de motivação , e de muita chutzpah [( audácia )] , e poderemos salvar milhões de pessoas , que , de outro modo , não seriam salvas .	TRANS	A	POOL
ted_en2pt_51818	"One service called My Next Tweet analyzes your entire Twitter stream , everything you &apos;ve posted onto Twitter , to make some predictions as to what you might say next ."	Um serviço chamado My Next Tweet [( O meu próximo Tweet )] analisa toda a informação do vosso Twitter , tudo o que publicaram no Twitter , para fazer predições acerca do que vão dizer a seguir .	TRANS	A	POOL
ted_en2pt_5216	"Richard Serra : I was standing there looking at it , and I realized that Velázquez was looking at me , and I thought , &quot; &quot; Oh . I &apos;m the subject of the painting . &quot; &quot; And I thought , &quot; &quot; I &apos;m not going to be able to do that painting . &quot; &quot; I was to the point where I was using a stopwatch and painting squares out of randomness , and I wasn &apos;t getting anywhere . So I went back and dumped all my paintings in the Arno , and I thought , I &apos;m going to just start playing around ."	"Richard Serra : Estava ali a olhar para ele , e dei-me conta que Velázquez estava a olhar para mim , e pensei : &quot; &quot; Oh . Este quadro é sobre mim . &quot; &quot; E pensei : &quot; &quot; Eu não vou conseguir fazer este quadro . &quot; &quot; Cheguei ao ponto de usar um cronómetro e pintava quadrados ao acaso , sem conseguir chegar a lado nenhum . Por isso voltei [&#91; a Florença &#93;] e lancei todos os meus quadros ao Arno , e pensei : &quot; &quot; Vou só começar a brincar um bocadinho . &quot; &quot;"	ENT_SPEC	A	POOL
ted_en2pt_5218	"Richard Serra let go of painting at that moment , but he didn &apos;t let go of art . He moved to New York City , and he put together a list of verbs — to roll , to crease , to fold — more than a hundred of them , and as he said , he just started playing around . He did these things to all kinds of material . He would take a huge sheet of lead and roll it up and unroll it . He would do the same thing to rubber , and when he got to the direction &quot; &quot; to lift , &quot; &quot; he created this , which is in the Museum of Modern Art ."	"Richard Serra libertou-se da pintura naquele momento , mas não se libertou da arte . Mudou-se para Nova Iorque , e fez uma lista de verbos — rolar , vincar , dobrar — mais de cem , e como ele disse , começou apenas a brincar . Ele fez estas coisas com todos os tipos de material . Ele pegava num enorme lençol de chumbo e enrolava-o e desenrolava . Fazia a mesma coisa com borracha , e depois chegou à indicação de &quot; &quot; erguer &quot; &quot; , ele criou isto , que é a indicação do Museu de Arte Moderna [&#91; MOMA &#93;] ."	ENT_ACR	A	POOL
ted_en2pt_52350	"It &apos;s for the number needed to treat ."	É o número necessário para tratar [( NNT )] .	ACR	A	POOL
ted_en2pt_52827	"You &apos;ve probably all heard of Google &apos;s Project Glass ."	Provavelmente , já todos ouviram falar do Projeto Google Glass [( óculos )] .	TRANS	A	POOL
ted_en2pt_5295	"So we wanted really to have people feel as though they &apos;ve almost got to mind meld with the car , so you just feel like you and the car are kind of one , and as you corner and accelerate , it just happens , like the car has ESP ."	Queríamos então , que as pessoas se sentissem como se fizessem parte do carro , como se a pessoa e o carro fossem um só , e quando se vira e acelera , isso simplesmente acontece , como se o carro tivesse ESP . [( Sistema de Controlo de Estabilidade Dinâmica )]	ACR	A	EXTR
ted_en2pt_52958	But we live in a place that is [12,000 feet] high .	Mas vivemos num lugar a mais de [3600 metros] de altitude .	MEAS_CONV	R	POOL
ted_en2pt_52996	And the cool part is , one sachet substitutes one bath for five rand .	E o mais engraçado , cada saqueta substitui um banho por cinco rand [( 40 cêntimos )] .	MEAS_CONV	A	POOL
ted_en2pt_5314	"By the end of this year , you &apos;ll be able to drive from [L.A.] to New York just using the Supercharger network , which charges at five times the rate of anything else ."	No final deste ano , será possível ir de carro de [Los Angeles] a Nova Iorque usando apenas a rede Supercarga , que recarrega o carro 5 vezes mais rapidamente do que qualquer outra coisa .	ENT_ACR	R	POOL
ted_en2pt_5315	And the key thing is to have a ratio of drive to stop , to stop time , of about six or seven .	"E o fundamental é termos uma relação entre o tempo de condução e o de paragem , de aproximadamente 6 ou 7 [&#91; horas &#93;] ."	MEAS_SPEC	A	POOL
ted_en2pt_5322	"It &apos;s actually better to drive for about maybe [160 , 170 miles] and then stop for half an hour and then keep going ."	É melhor viajar talvez [260 ou 270 Km] , parar por meia hora e então continuar .	MEAS_CONV	R	POOL
ted_en2pt_5331	"If the sun wasn &apos;t there , we &apos;d be a frozen ice ball at [three degrees Kelvin] , and the sun powers the entire system of precipitation ."	Se o sol não estivesse lá , seríamos uma bola de gelo à [temperatura] de [270 ºC negativos]. e o sol fornece energia a todo o sistema de precipitação .	"MEAS_DIM; MEAS_CONV"	"A; R"	POOL
ted_en2pt_53433	"I am of course quoting from a famous essay by Leonard Read , the economist in the 1950s , called &quot; &quot; I , Pencil &quot; &quot; in which he wrote about how a pencil came to be made , and how nobody knows even how to make a pencil , because the people who assemble it don &apos;t know how to mine graphite , and they don &apos;t know how to fell trees and that kind of thing ."	"É claro que estou a citar de uma famoso artigo de Leonard Reed , o economista nos anos 50 , chamado &quot; &quot; Eu , Lápis &quot; &quot; [( I , Pencil )] no qual ele escreveu sobre como um lápis é feito , e como ninguém sabe como fazer sequer um lápis , porque as pessoas que o montam não sabem como obter grafite de uma mina . E não sabem como derrubar árvores e esse tipo de coisas ."	TRANS	A	POOL
ted_en2pt_53451	"Because through the cloud , through crowd sourcing , through the bottom-up world that we &apos;ve created , where not just the elites but everybody is able to have their ideas and make them meet and mate , we are surely accelerating the rate of innovation ."	"Porque através da nuvem , através de fontes de informação acumuladas por multidões , através do mundo &quot; &quot; bottom-up &quot; &quot; [( da base para o topo )] que criámos , onde não apenas as elites , mas todos são capazes de ter as suas ideias e fazer com que estas se encontrem e acasalem , estamos certamente a acelerar o ritmo da inovação ."	TRANS	A	POOL
ted_en2pt_54591	So those are the three main attackers : criminals who do it for the money , hacktivists like Anonymous doing it for the protest , but then the last group are nation states , governments doing the attacks .	"São estes os três principais tipos de ataques [online] : criminosos que atacam por dinheiro ; &quot; &quot; hacktivists &quot; &quot; [( hackers + ativistas )] como os Anonymous que o fazem como forma de protesto ; mas depois o último grupo são nações , governos a fazerem os ataques ."	"HYPO_SPEC; LING_EXPL"	"A; A"	POOL
ted_en2pt_54677	"Asked later in the Canadian documentary , &quot; &quot; The Corporation , &quot; &quot; what I meant by the &quot; &quot; go to jail &quot; &quot; remark , I offered that theft is a crime ."	"Quando me perguntaram mais tarde , no documentário canadiano &quot; &quot; The Corporation &quot; &quot; [( A Empresa )] o que é que eu quis dizer com a observação de &quot; &quot; ir para a prisão &quot; &quot; , eu disse que o roubo é um crime ."	TRANS	A	POOL
ted_en2pt_54716	Three years ago we launched carpet tile for the home , under the brand Flor , misspelled F-L-O-R .	"Há três anos , lançámos uma carpete em placas para a casa , sob a marca Flor [( pronuncia-se &quot; &quot; floor &quot; &quot; = chão )] , soletrada F-L-O-R , com erro ortográfico ."	LING_EXPL	A	POOL
ted_en2pt_5864	Only 13 percent achieve a reasonable level of five [GCSEs] at 16 , against 58 percent of the wider population .	Apenas 13 % atingem um nível razoável de 5 [exames] de [Certificação Geral do Ensino Secundário] aos 16 anos , contra os 58 % da população em geral .	"ENT_HYP; ENT_ACR"	"A; R"	EXTR
ted_en2pt_5881	The second piece [it] brings is rigor .	"O segundo elemento que [&#91; o projeto &#93;] traz é o rigor ."	CLEAR	R	POOL
ted_en2pt_5961	"Every time a country started talking about it , like Germany , [America] , wherever , a page on Facebook popped up with the same logo with the same stories , so at the beginning we had &quot; &quot; Iran-Loves-Israel , &quot; &quot; which is an Iranian sitting in Tehran , saying , &quot; &quot; Okay , Israel loves Iran ?"	"Cada vez que um país começava a falar sobre isso , como a Alemanha , [os E.U.A.] , onde quer que fosse , uma página no Facebook aparecia com o mesmo logótipo com as mesmas histórias , por isso , no início nós tínhamos &quot; &quot; Irão - Ama - Israel &quot; &quot; , que é um iraniano sentado em Teerão a dizer : &quot; &quot; Ok , Israel ama o Irão ?"	ENT_REP	R	POOL
ted_en2pt_5976	This is a guy in Tehran on the day of remembrance of the Israeli fallen soldier putting an image of an Israeli soldier on his page .	"Este é um sujeito em Teerão , no Dia de Recordação do soldado israelita caído , [&#91; Yom Hazikaron &#93;] a pôr uma imagem de um soldado israelita na sua página ."	ADD_INF	A	POOL
ted_en2pt_6018	Tori and her friends built it by hand , and it weighed about [1,800 pounds] .	Tori e os seus amigos construíram-na à mão , e pesava cerca de [810 quilogramas] .	MEAS_CONV	R	POOL
ted_en2pt_6026	Some days , she traveled as little as [15 feet] .	Uns dias , avançava apenas [cinco metros] .	MEAS_CONV	R	POOL
ted_en2pt_6032	"DL : After nearly three months at sea , she &apos;d covered over [3,000 miles] ."	DL : Após quase três meses no mar , só percorrera [4800 km] .	MEAS_CONV	R	POOL
ted_en2pt_6171	"I don &apos;t think they know that , luckily , but I would go back and play for Arby &apos;s coupons ."	Acho que eles não sabem isso felizmente , mas eu voltaria ao passado e jogaria por cupões do Arby`s [( restaurante de fast food )] .	ENT_DESC	A	POOL
ted_en2pt_6306	"These know-it-alls , they &apos;re not Rainman-style savants sitting at home memorizing the phone book ."	"Estes sabichões não são sábios do estilo do &quot; &quot; Rainman &quot; &quot; [&#91; filme &quot; &quot; Encontro entre irmãos &quot; &quot; &#93;] sentados em casa , a memorizar a lista telefónica ."	ENT_DESC	A	POOL
ted_en2pt_6346	RB : No , he told me jump , but once his weight had gone , the balloon just shot up to [12,000 feet] and I ...	RB : Não , ele disse-me para saltar mas , assim que faltou o seu peso , o balão disparou [3600 metros] para cima e eu ...	MEAS_CONV	R	POOL
ted_en2pt_6460	Method acting is nothing but a mixture of multiple personalities , believing your own lies are reality , like in [high school] cool Kenny telling me he wanted to be a cop .	"&quot; &quot; A actuação metódica é nada mais do que uma mistura &quot; &quot; de múltiplas personalidades , acreditando que as nossas mentiras são realidade , &quot; &quot; como na [secundária] , o porreiro Kenny a dizer-me que queria ser um polícia ."	SYS_DESC	R	POOL
ted_en2pt_6467	"Forget the American ghetto . I &apos;ve cracked stages in Soweto , buried abortion babies in potter &apos;s field and still managed to keep a smile on my face , so whatever you curse at me to your caddyshack go-for-this , go-for-that assistant when I walk out that door , whatever slander you send my way , your mother ."	"&quot; &quot; Esqueçam o gueto [norte]-americano . Já arrasei palcos no Soweto , &quot; &quot; enterrei bebés abortados em valas comuns e ainda assim consegui manter um sorriso na cara , &quot; &quot; portanto o quer que me atires ao teu assistente faz-isto , faz-aquilo &quot; &quot; do clube de malandros , , quando eu sair por aquela porta , &quot; &quot; qualquer calúnia que me atires , &quot; é a tua mãe . &quot;"	ENT_SPEC	A	EXTR
ted_en2pt_6478	"This was about a year before 9 / 11 , and [America] wasn &apos;t at war yet ."	Isso foi um ano antes do 11 / Set e [os EUA] não estavam em guerra ainda .	ENT_REP	R	POOL
ted_en2pt_6520	I studied anthropology [in college] .	Eu estudei antropologia [na faculdade] .	SYS_CONV	R	POOL
ted_en2pt_6568	For a while , that was the kind of country that [American] soldiers came back to — a unified country .	Por um tempo , aquele foi o país para onde os [norte-americanos] voltavam — um país unido .	ENT_SPEC	R	POOL
ted_en2pt_6643	When I was teaching [at a middle school] , we asked our students to build a robot from a standard technology kit .	Quando dava aulas [no 2º / 3º ciclo] , pedimos aos nossos alunos para construírem um robô com um kit de tecnologia .	SYS_DESC	R	POOL
ted_en2pt_6662	This statistic might look familiar if you walked into a [high school] robotics club , or a [college] engineering class .	Esta estatística pode parecer familiar se entrarmos num clube de robótica do [secundário] , ou numa aula de engenharia de uma [faculdade] .	"SYS_DESC; SYS_CONV"	"R; R"	POOL
ted_en2pt_672	"Why hasn &apos;t that made a comeback ? ( Laughter ) So then there was a lot more beers , and then the day ended with a challenge to bring the mustache back . ( Laughter ) So in Australia , &quot; &quot; mo &quot; &quot; is slang for mustache , so we renamed the month of November &quot; &quot; Movember &quot; &quot; and created some pretty basic rules , which still stand today ."	"&quot; &quot; porque é que não voltou a estar na moda ? &quot; &quot; ( Risos ) Logo houve muitas mais cervejas , e o dia acabou com o desafio de trazer o bigode de volta . ( Risos ) Portanto , na Austrália &quot; &quot; Mo &quot; &quot; é calão para bigode [&#91; mustache &#93;] , então renomeámos o mês de Novembro para &quot; &quot; Movembro &quot; &quot; , e criámos algumas regras básicas que se mantêm até à data ,"	TRANS	R	POOL
ted_en2pt_694	"So we &apos;d racked up at this stage about [600,000 dollars] worth of debt . So if Movember 2006 didn &apos;t happen , the four founders , well , we would &apos;ve been broke , we would &apos;ve been homeless , sitting on the street with mustaches . ( Laughter ) But we thought , you know what , if that &apos;s the worst thing that happens , so what ?"	"Acumulámos uma dívida nesta fase de cerca de [460 mil euros] . Portanto , se o Movembro de 2006 não acontecesse , os seus quatro fundadores ... bem , estaríamos falidos , sem casas , sentados na rua com bigodes . ( Risos ) Mas pensámos : &quot; &quot; Sabem que mais ? Se isso é o pior &quot; &quot; que pode acontecer , e então ?"	MEAS_CONV	R	POOL
ted_en2pt_7408	Everything in [America] is so much bigger than in Europe .	Tudo nos [EUA] é muito maior do que na Europa .	ENT_REP	R	POOL
ted_en2pt_7472	"With Google Glass , we can put that underneath a helmet , and we can get a sense of what it &apos;s like to be running down the field at [100 miles an hour] , your blood pounding in your ears ."	Com o Google Glass , podemos colocá-lo debaixo de um capacete e termos a sensação de como é correr pelo campo a [160 km / h] , o sangue a pulsar nos nossos ouvidos .	MEAS_CONV	R	POOL
ted_en2pt_7473	"You can get a sense of what it &apos;s like to have a [250-pound] man sprinting at you trying to decapitate you with every ounce of his being ."	Vocês podem ter a sensação de como é ter um homem de [113 Kg] a correr atrás de vocês tentando decapitar-vos com cada grama do seu corpo .	MEAS_CONV	R	POOL
ted_en2pt_7476	"Unfortunately , it &apos;s not [NFL] practice footage because the NFL thinks emergent technology is what happens when a submarine surfaces , but — ( Laughter ) — we do what we can ."	Infelizmente , não são cenas reais da [Liga Nacional de Futebol] [Americano] ( NFL ) , porque a NFL acha que a tecnologia emergente é o que acontece quanto um submarino emerge , mas — ( Risos ) — nós fazemos o possível .	"ENT_ACR; ENT_SPEC"	"A; A"	POOL
ted_en2pt_8219	The patient has cancer , you want to know if the lymph nodes have cancer even before you go in .	"O doente tem cancro , nós queremos saber se os nódulos linfáticos têm cancro ainda antes de entrarem [&#91; para a cirurgia &#93;] ."	CLEAR	A	POOL
ted_en2pt_8261	We published our results in the [proceedings of the National Academy of Sciences] and in Nature Biotechnology .	"Publicámos os nossos resultados na [PNAS] &#91; [revista científica da Academia Nacional de Ciências] [dos EUA] &#93; e na Nature - Biotecnologia ."	"ENT_ACR; ENT_DESC; ENT_SPEC"	"R; A; A"	POOL
ted_en2pt_8741	"And this young child who &apos;d taken about an [inch and a half] out of her leg with no antiseptic , and that young boy who was a child soldier , who told me he &apos;d killed people — he was about 12 — these things made me realize that this was not a film that I could just stop ."	E esta criança a quem haviam amputado quase [4 centímetros] da perna sem antissépticos , e aquele menino que era uma criança-soldado , que me disse que tinha matado pessoas - ele tinha uns 12 anos - essas coisas fizeram-me perceber que isto não era um filme que eu poderia simplesmente parar .	MEAS_CONV	R	POOL
ted_en2pt_8906	And in the upper left , a pioneering effort 14 years ago by GM — [84 miles a gallon] without even using a hybrid , in a four-seater .	No canto superior esquerdo , um esforço pioneiro da GM de há 14 anos . [2,8 litros aos 100 km] sem sequer ser híbrido , num quatro lugares .	MEAS_CONV	R	POOL
ted_en2pt_8985	"I call this simplifying complexity , and it &apos;s what we do at the chair of systems design at [ETH Zurich] ."	"Eu chamo a isto simplificar a complexidade , e é o que fazemos na cadeira de &quot; &quot; Design &quot; &quot; de Sistemas no [Instituto Federal de Tecnologia de Zurique] ."	ENT_ACR	R	EXTR
ted_en2pt_9279	Is it reasonable still to focus on the two-degree path ?	Será razoável continuarmos a concentrar-nos na via dos 2º [C] ?	MEAS_SPEC	A	POOL
ted_en2pt_9280	"There are quite a lot of my colleagues and other scientists who would say that it &apos;s now too late to avoid a two-degree warming ."	Muitos dos meus colegas e cientistas diriam que já é demasiado tarde para impedir um aquecimento de 2º [C].	MEAS_SPEC	A	POOL
ted_en2pt_9383	"I ventured on my two-year , [27,000 mile] journey to learn where , why , and how white people are fleeing , but I didn &apos;t expect to have so much fun on my journey ."	Eu aventurei-me na minha jornada de dois anos e [43 000 km] , para perceber para onde , porquê e como é que os brancos se estão a escapar. mas não esperava divertir-me tanto nesta viagem .	MEAS_CONV	R	POOL
ted_en2pt_9451	In Australia , a lily turned into a grass tree , and in Hawaii , a daisy became a silver sword .	"Na Austrália , um lírio transformou-se numa &quot; &quot; Árvore Herbácea &quot; &quot; [&#91; &quot; &quot; genus Xanthorrhoea &quot; &quot; &#93;] e no Havai , uma margarida tornou-se numa &quot; &quot; Espada Prateada &quot; &quot; ."	ADD_INF	A	POOL
ted_en2pt_95	"In his memoirs , &quot; &quot; Long Road to Freedom , &quot; &quot; he wrote that he survived during those years of captivity because he always decided to look upon his oppressor as also being a human being , also being a human being ."	"Nas suas memórias , &quot; &quot; Long Road to Freedom &quot; &quot; [( Longo Caminho para a Liberdade )] , ele escreveu que sobreviveu durante aqueles anos de cativeiro porque sempre decidiu ver o seu opressor também como um ser humano , como sendo também um ser humano ."	TRANS	A	POOL
ted_en2pt_9559	"Well , under the category of &quot; &quot; What &apos;s the harm of silly stuff like this ? &quot; &quot; this device , the ADE 651 , was sold to the Iraqi government for [40,000 dollars] apiece ."	"Bom , sob a categoria de &quot; &quot; O que poderá esta palermice fazer de mal ? &quot; &quot; , este aparelho , o ADE 651 , foi vendido ao governo iraquiano por [27.620 euros] a unidade ."	MEAS_CONV	R	POOL
ted_en2pt_9824	Minor ampullate silk is used in web construction .	"A Seda &quot; &quot; Minor ampullate &quot; &quot; [( ampola menor )] é usada na construção de teias ."	TRANS	A	EXTR
ted_en2pt_9887	To borrow from the writings of a spider named Charlotte , silk is terrific .	"Como dizia uma aranha no livro &quot; &quot; A teia de Charlotte &quot; &quot; [( por E. B. White )] &quot; A seda é espectacular ! &quot;"	ADD_INF	A	POOL
ted_en2pt_9954	"( Laughter ) Secondly , he &apos;s [six foot five] ."	( Risos ) Segundo , mede [1,96 m] .	MEAS_CONV	R	POOL